pca_1,pca_2,cluster,cluster_label
1.688520611907845,1.7934318034130174,2,Underperforming Attackers
-3.059506751239922,-0.9189018331365061,0,Defensive Specialists
-2.72818936334936,2.217636259403594,0,Defensive Specialists
7.368109108619094,-0.19142767757108337,3,Efficient Finishers
4.073457045528587,2.1065971524110823,1,Creative Playmakers
-2.69019032667045,2.060165442907128,0,Defensive Specialists
-0.7111067457812457,2.9870994973664717,0,Defensive Specialists
1.4344113624457566,-2.810074432848019,2,Underperforming Attackers
-0.8710299993289935,-0.39132007562959287,2,Underperforming Attackers
-3.551816476416577,-2.556768123401664,4,Low-Impact / Low-Minute Players
-0.657540827483579,-0.5788975339513658,2,Underperforming Attackers
-2.3642773743425898,1.317260803171286,0,Defensive Specialists
2.745404126679568,0.2783042443350082,1,Creative Playmakers
5.777391625155909,-1.0119379434925786,3,Efficient Finishers
-3.040051073712468,1.5135307022082571,0,Defensive Specialists
-4.197706693608199,-3.6410614975238977,4,Low-Impact / Low-Minute Players
2.897100277566249,1.466903579313782,1,Creative Playmakers
-2.8699778522973247,2.5932325968044148,0,Defensive Specialists
1.7087844974290494,-1.866035885322999,2,Underperforming Attackers
0.03612553098587393,-0.4610391902247305,2,Underperforming Attackers
2.5902463065967707,-1.9391154442463625,3,Efficient Finishers
-4.192345210312459,-3.8289603388144755,4,Low-Impact / Low-Minute Players
-1.3953574335054577,3.385237141890051,0,Defensive Specialists
-0.6526948879539605,0.681869812197317,0,Defensive Specialists
2.081047399669382,-0.003725485578908646,1,Creative Playmakers
2.700654180986489,-1.9805116743387758,3,Efficient Finishers
-2.7407999736811064,2.3698652861273977,0,Defensive Specialists
4.518858572867833,-1.183663318634539,3,Efficient Finishers
2.8257662938813652,0.6400039203486254,1,Creative Playmakers
-1.8300542179078592,1.1839657085052797,0,Defensive Specialists
3.0496309694432306,1.8769242873931944,1,Creative Playmakers
0.7904904074133617,-2.4970796705007183,2,Underperforming Attackers
-3.827528083387038,-3.9897377923911397,4,Low-Impact / Low-Minute Players
-1.213151124420764,4.12712860182074,0,Defensive Specialists
-4.4164183564515715,-3.4415592481062407,4,Low-Impact / Low-Minute Players
0.9654458617636341,-1.116383812061727,2,Underperforming Attackers
8.25992563196365,-1.5598502812693593,3,Efficient Finishers
-2.7809823818413526,1.677087073386699,0,Defensive Specialists
4.773636606483223,-2.4593075990273525,3,Efficient Finishers
4.360623641641511,2.5599367733070144,1,Creative Playmakers
-2.722865249607039,0.11846399138121835,0,Defensive Specialists
0.8117659300977889,0.42974339194814565,2,Underperforming Attackers
-2.5744368823541524,-0.48252770298537584,0,Defensive Specialists
-3.6119864761972122,-3.023743591081316,4,Low-Impact / Low-Minute Players
-1.5854929059500817,4.416342481763592,0,Defensive Specialists
1.05490693681141,0.6926022455124976,2,Underperforming Attackers
0.30265431649995034,-2.5885721349412307,2,Underperforming Attackers
0.7920884272198447,0.8363312548922119,2,Underperforming Attackers
-2.014692124753043,3.2193201035966714,0,Defensive Specialists
2.4726914839981293,-1.792113007932654,3,Efficient Finishers
3.6321475521384596,2.0461443337398415,1,Creative Playmakers
-2.310342097499079,2.4238692790680254,0,Defensive Specialists
-2.077030302363384,1.9054625119146544,0,Defensive Specialists
1.2625920468124998,1.5022178820860224,1,Creative Playmakers
-3.973138659774217,-3.4903020768243156,4,Low-Impact / Low-Minute Players
3.526287896741194,-1.629668923905946,3,Efficient Finishers
-0.17783997351486455,1.3420262342232119,2,Underperforming Attackers
-2.553638468964428,2.9115506707704215,0,Defensive Specialists
4.780785922279841,-1.9433771328720835,3,Efficient Finishers
-2.657200251917611,0.3893603373446425,0,Defensive Specialists
2.8595481590370446,0.8942145671329494,1,Creative Playmakers
-2.7520454158723813,3.5385347816388473,0,Defensive Specialists
0.14437930696830933,0.8810617784555484,2,Underperforming Attackers
0.8015208585198188,-0.7627546613202001,2,Underperforming Attackers
-1.772649448547499,3.116343602926626,0,Defensive Specialists
5.045742463328023,-0.8903235098341613,3,Efficient Finishers
-3.3597643270341155,-0.5951327289156045,0,Defensive Specialists
-4.3385627939158615,-3.98941325944287,4,Low-Impact / Low-Minute Players
0.2055374836506298,-0.5244969106517832,2,Underperforming Attackers
6.819493161443075,-1.169746480119594,3,Efficient Finishers
6.548682473421184,-0.4976613615252359,3,Efficient Finishers
-2.666706610808744,0.9364969120038763,0,Defensive Specialists
2.0040653107404647,0.6977095345112547,1,Creative Playmakers
-2.4124511184919255,1.2508041868191464,0,Defensive Specialists
-2.3449593026316977,3.67633284328096,0,Defensive Specialists
-0.08593018753817427,0.12643517000435028,2,Underperforming Attackers
0.992573179103045,-1.5515103095563338,2,Underperforming Attackers
-3.7141845768180493,-3.7956559382028554,4,Low-Impact / Low-Minute Players
-2.211496941427115,1.893401121721425,0,Defensive Specialists
5.427147748299691,-0.6142159413745233,3,Efficient Finishers
-3.8273345319012178,-3.779315081412376,4,Low-Impact / Low-Minute Players
6.411055311500013,2.9198709557509543,1,Creative Playmakers
1.0669712701060459,0.8241415115556707,2,Underperforming Attackers
-1.8583003324623348,3.020167093514637,0,Defensive Specialists
-1.7157872288165925,-1.2894505944401202,2,Underperforming Attackers
-2.541172854723703,1.1556367946641317,0,Defensive Specialists
1.7626204215008865,-2.17618392727072,2,Underperforming Attackers
4.096636846781633,-1.0861224551398598,3,Efficient Finishers
1.5628042625379153,-0.6203663252166576,2,Underperforming Attackers
-2.032926762273548,0.7835890598035177,0,Defensive Specialists
-4.3383156330373405,-3.5955086023180107,4,Low-Impact / Low-Minute Players
-3.899693719154102,-3.306775502071686,4,Low-Impact / Low-Minute Players
-1.431332179899177,-1.7980858266590416,2,Underperforming Attackers
-2.5435837181060847,4.163907005612748,0,Defensive Specialists
4.6823521892789515,-1.2711024268097184,3,Efficient Finishers
1.240180524078047,-1.7384471845217566,2,Underperforming Attackers
2.388629382875532,0.08581581452291075,2,Underperforming Attackers
-2.320334986913653,0.6564047027529799,0,Defensive Specialists
-1.325799615515602,3.0106688205415697,0,Defensive Specialists
-1.7957328697729162,3.1675351989305116,0,Defensive Specialists
9.511629165641288,0.21180871681185987,3,Efficient Finishers
2.102806521292248,1.597902495392232,2,Underperforming Attackers
-3.6233915480911145,0.6317559687040457,0,Defensive Specialists
3.6642752831752112,1.0761153909916052,1,Creative Playmakers
-2.70982102928634,1.2833148410061521,0,Defensive Specialists
1.0662087153071307,0.4667023681492896,2,Underperforming Attackers
-2.387022780923689,-0.8414292466268395,0,Defensive Specialists
2.52920069296114,0.7794085391541407,1,Creative Playmakers
-3.739186851365839,-3.8593441930466805,4,Low-Impact / Low-Minute Players
0.9954012551342258,-2.423932275788555,2,Underperforming Attackers
-2.0670510401734097,2.8197855704921393,0,Defensive Specialists
-0.40441793757201266,0.2572053812209446,2,Underperforming Attackers
-4.436576590692044,-4.257034686386555,4,Low-Impact / Low-Minute Players
7.149248959597642,-0.42500325201443734,3,Efficient Finishers
-1.8133519879363234,3.3000012200751043,0,Defensive Specialists
-0.08504868002311766,-2.2236586559322564,2,Underperforming Attackers
-1.6355427382362462,1.30765894575393,0,Defensive Specialists
-0.6627329453635508,-1.332939581088005,2,Underperforming Attackers
-4.01311521804647,-3.697519353005451,4,Low-Impact / Low-Minute Players
4.774126326084931,1.5494200411389676,1,Creative Playmakers
4.967642010770374,-1.6177761411564775,3,Efficient Finishers
-2.6046545787746895,2.4110084910639817,0,Defensive Specialists
2.113255425413156,0.5373426070528864,1,Creative Playmakers
4.633495002750051,-1.6301194064986408,3,Efficient Finishers
-2.6553454191621966,1.4191322253088574,0,Defensive Specialists
2.7420645624848716,1.1236366769009078,1,Creative Playmakers
-2.8534442295487996,2.308135596901045,0,Defensive Specialists
-3.151417786967655,0.763040181612086,0,Defensive Specialists
4.757745141365557,-1.135227451642532,3,Efficient Finishers
2.7416248394713514,1.492837650725467,1,Creative Playmakers
-2.7470298652352576,2.028461932144251,0,Defensive Specialists
0.17834219742772,0.8982218440727167,2,Underperforming Attackers
-2.331315734142062,2.77251697077783,0,Defensive Specialists
-2.1195756267343753,3.2767223120973843,0,Defensive Specialists
-1.499154391390947,-1.060261969517764,2,Underperforming Attackers
3.3392827564362535,-2.4434893862706057,3,Efficient Finishers
-3.241521993004838,0.8894446209628072,0,Defensive Specialists
2.1014640065900627,-2.3683693823696963,3,Efficient Finishers
0.4872110494206594,0.5081435125754535,2,Underperforming Attackers
1.6341280328929464,1.023091009998916,2,Underperforming Attackers
2.168526192557181,-2.6263891358487905,2,Underperforming Attackers
-0.8945210079604307,2.2233381402626526,0,Defensive Specialists
1.3477921659093133,-1.5068894324547655,2,Underperforming Attackers
-4.232860752655792,-4.799729471100529,4,Low-Impact / Low-Minute Players
-2.7221265230156786,1.5360880693687224,0,Defensive Specialists
-0.8503897359681308,-0.34499221089560766,2,Underperforming Attackers
-1.5352462757896739,2.512326008739217,0,Defensive Specialists
3.1149862003901845,1.3259281466683939,1,Creative Playmakers
-0.9545336962585086,-0.08441134031482338,2,Underperforming Attackers
-3.1405604742320143,1.4254969370203976,0,Defensive Specialists
-3.322751494464022,-3.201483368077867,4,Low-Impact / Low-Minute Players
2.8401500562840045,-1.6492666063774042,3,Efficient Finishers
-2.486331773164777,1.992648784975854,0,Defensive Specialists
-3.9787319130023984,-3.3587316049774767,4,Low-Impact / Low-Minute Players
0.49829947014704107,0.7998274416685814,2,Underperforming Attackers
9.854037743328941,-1.942854401071226,3,Efficient Finishers
-4.065282859123817,-3.8457284715876128,4,Low-Impact / Low-Minute Players
7.096846227414356,-1.4796142259548266,3,Efficient Finishers
2.538653474085558,2.6162755062987224,1,Creative Playmakers
-1.2412420697534612,3.3579191174018845,0,Defensive Specialists
-3.8068097391684144,-3.8943219273143774,4,Low-Impact / Low-Minute Players
11.179064626217121,0.7098104997356798,3,Efficient Finishers
-0.2534903390407979,-0.6914721393189118,2,Underperforming Attackers
-3.2501304272829175,2.204403099985372,0,Defensive Specialists
4.490241915404603,2.1237558265777308,1,Creative Playmakers
-3.1780534812404486,1.3591063671426717,0,Defensive Specialists
5.265581330126424,-1.5990215572239694,3,Efficient Finishers
-2.2465957275941366,0.961126990893391,0,Defensive Specialists
1.0750485526743283,-0.5408637969449973,2,Underperforming Attackers
-2.1765672103158296,1.794795603001086,0,Defensive Specialists
6.122689928910805,0.8024431806887828,1,Creative Playmakers
-2.5998922533567956,1.9416007502031312,0,Defensive Specialists
2.8879538304927745,-2.2157309441037616,3,Efficient Finishers
-1.1717035826377467,-1.1536484839411114,2,Underperforming Attackers
-2.719101087543008,0.27615685026381426,0,Defensive Specialists
-3.9923367427793326,-3.359417666120258,4,Low-Impact / Low-Minute Players
1.446570936388761,0.04469179562850294,2,Underperforming Attackers
8.123205845888101,-1.3107198681077459,3,Efficient Finishers
-3.148655470821232,1.0479242618523408,0,Defensive Specialists
-2.759844443337715,1.4209973781133698,0,Defensive Specialists
6.155107646045955,-1.525691242233287,3,Efficient Finishers
0.5985998549296689,0.17007658783062135,2,Underperforming Attackers
3.8898838367532633,-0.28256051488374595,3,Efficient Finishers
-2.708766872085878,1.7192498449502933,0,Defensive Specialists
0.8016259730001544,-0.0444909282142947,2,Underperforming Attackers
-4.421578929441454,-3.566080397167426,4,Low-Impact / Low-Minute Players
-2.623403227819915,0.33739280249465026,0,Defensive Specialists
2.867852854535946,-1.7361992030974709,3,Efficient Finishers
1.3273708048907604,1.3693045466962557,2,Underperforming Attackers
-2.3470715650659573,2.824000846714783,0,Defensive Specialists
-3.88544625502056,-3.3926794946731826,4,Low-Impact / Low-Minute Players
1.02682859584659,-1.6527899679618434,2,Underperforming Attackers
-0.2972721121226857,-0.9404574589165385,2,Underperforming Attackers
-2.1411075653184444,2.603533249546579,0,Defensive Specialists
1.5075219670542674,0.051413576656183645,2,Underperforming Attackers
-4.291889615285655,-3.6471881205030954,4,Low-Impact / Low-Minute Players
1.398577314783277,-1.6151715845746855,2,Underperforming Attackers
-2.5621526277993456,2.0222938561614114,0,Defensive Specialists
0.7090538983366551,0.6963417591073212,2,Underperforming Attackers
-2.308386232209962,3.604999735516874,0,Defensive Specialists
-3.363390240798665,1.0707099817548107,0,Defensive Specialists
5.378164545810493,2.1885588715278517,1,Creative Playmakers
4.337128413083721,-1.0052028131164727,3,Efficient Finishers
4.594213102346508,1.6644239261369025,1,Creative Playmakers
-0.908244722160597,3.2815907966154407,0,Defensive Specialists
4.1752689389439634,-2.9348932928440536,3,Efficient Finishers
-2.1668223481398576,0.7267577657497418,0,Defensive Specialists
0.4679824319564741,0.3261518193939557,2,Underperforming Attackers
-0.23576415918434182,-1.0794577339333016,2,Underperforming Attackers
-2.8372887874427364,2.1164910958490997,0,Defensive Specialists
2.881033553965827,-0.9783957602072199,2,Underperforming Attackers
-4.166753796218689,-3.7316461305991835,4,Low-Impact / Low-Minute Players
-3.6056918947133414,0.06825346954792592,0,Defensive Specialists
-3.7499808727415798,-3.0906762054127634,4,Low-Impact / Low-Minute Players
4.6601708919737455,2.3393480250516356,1,Creative Playmakers
0.1363844184430109,-2.052779438699681,2,Underperforming Attackers
-1.1336546066825273,0.7574237049266387,2,Underperforming Attackers
-1.8137936949663451,1.753407814519001,0,Defensive Specialists
2.5982040487542153,-1.8525734887053018,3,Efficient Finishers
-2.2192322390368253,0.8981525512596484,0,Defensive Specialists
2.053126936245156,0.5851322758908561,2,Underperforming Attackers
-2.8377402596077506,1.167050259996469,0,Defensive Specialists
-0.5364508205811647,-0.5261381314274228,2,Underperforming Attackers
0.6490032977153817,-2.472189749279393,2,Underperforming Attackers
-2.648185202064761,1.032949748836496,0,Defensive Specialists
-4.313771684029704,-4.197575090768687,4,Low-Impact / Low-Minute Players
6.88741346730289,2.604422814463638,1,Creative Playmakers
2.4806408277311283,0.5170017879491404,1,Creative Playmakers
-2.447061235791937,0.2841090360824078,0,Defensive Specialists
2.338778017023875,-1.4494259213365035,2,Underperforming Attackers
-3.566619908986054,0.0798611527533584,0,Defensive Specialists
0.31361116618246576,-0.26358855463148356,2,Underperforming Attackers
-2.6282544300307,0.3452822306066711,0,Defensive Specialists
1.349372284067727,-0.6082457778057891,2,Underperforming Attackers
-1.297314748367327,3.2973107779440247,0,Defensive Specialists
-3.334243735975412,0.20570326875989214,0,Defensive Specialists
4.825968108209967,-1.6774380285223838,3,Efficient Finishers
2.8156362828503374,1.609515312635749,1,Creative Playmakers
-4.516268383244241,-3.9936452390846897,4,Low-Impact / Low-Minute Players
-3.24814854919443,0.7025214210708014,0,Defensive Specialists
2.7751391283128015,-1.6609924361626083,3,Efficient Finishers
-1.0377465472307466,-0.2742193152451281,2,Underperforming Attackers
-4.17408237145897,-3.3954414016375267,4,Low-Impact / Low-Minute Players
2.7838457954524656,1.3841215253903496,1,Creative Playmakers
-0.289639821947271,-2.474547236997018,2,Underperforming Attackers
-3.0827696428736857,0.9833260516121926,0,Defensive Specialists
-3.0585881645720248,2.4034484796137123,0,Defensive Specialists
1.803206932213795,1.8893164978243335,1,Creative Playmakers
4.330883887387734,-1.3202355690075571,3,Efficient Finishers
0.44967381759006725,0.4843897108450496,2,Underperforming Attackers
-3.0751678096007016,1.3600242658126023,0,Defensive Specialists
-4.19897769879439,-3.5757906366666634,4,Low-Impact / Low-Minute Players
-2.616535547548522,1.9389930229789698,0,Defensive Specialists
0.4848728538605616,-1.1507891605488971,2,Underperforming Attackers
1.261662152341632,-2.045740100418879,2,Underperforming Attackers
-2.680278816878609,1.469472888487815,0,Defensive Specialists
4.060028758688875,2.032964739862953,1,Creative Playmakers
-1.508561854238219,1.7268768192694437,0,Defensive Specialists
-0.2512967925391165,0.3257304446516249,2,Underperforming Attackers
2.107576348135193,-3.488869191376221,3,Efficient Finishers
-4.53265536815058,-4.535875386373744,4,Low-Impact / Low-Minute Players
3.0779438267459933,1.303334147338652,1,Creative Playmakers
-2.6334556095975223,0.11358079200650922,0,Defensive Specialists
3.159055424814987,-1.0866305300147439,2,Underperforming Attackers
6.263358212439796,-2.5224704429135976,3,Efficient Finishers
-2.4079034546239915,1.3522115077195926,0,Defensive Specialists
-0.6910528221782749,-0.6960424024247537,2,Underperforming Attackers
1.2922582031459564,0.0626487490155401,2,Underperforming Attackers
2.29521259665699,-1.650501152350853,3,Efficient Finishers
-1.8031413416320523,2.1260087594772896,0,Defensive Specialists
-3.0421222187362984,-1.774725870071644,4,Low-Impact / Low-Minute Players
-3.228729509564742,0.9520858068067505,0,Defensive Specialists
1.968505608495563,-1.4695597650025574,2,Underperforming Attackers
1.7171524926241313,0.2586976977784238,2,Underperforming Attackers
2.58173128051201,-2.439300551184648,3,Efficient Finishers
-2.97257415721052,2.4777136819202243,0,Defensive Specialists
-4.077907950759178,-3.011550801638023,4,Low-Impact / Low-Minute Players
1.131841845634641,0.28237844536553086,2,Underperforming Attackers
-0.5462172037545736,-0.45922956627444866,2,Underperforming Attackers
-2.9506645677068417,2.205706683150357,0,Defensive Specialists
-2.541730825302072,1.1494651794165058,0,Defensive Specialists
8.257664415085461,3.1402686604118695,1,Creative Playmakers
-2.6786654156812144,1.0629386438381125,0,Defensive Specialists
7.610293496682794,-2.089489888234067,3,Efficient Finishers
-0.43008893037243023,0.8798283912783418,2,Underperforming Attackers
-3.0723317779119523,1.0477194886172023,0,Defensive Specialists
5.474703408784602,1.236510221836917,1,Creative Playmakers
-2.835671105047502,-0.5218985060866198,0,Defensive Specialists
-1.2074461148604936,6.222994664744312,0,Defensive Specialists
-0.9530055363294787,1.8617808263505664,0,Defensive Specialists
0.4046564205688695,0.12316012101044953,2,Underperforming Attackers
10.52239146205808,-0.6844544888043447,3,Efficient Finishers
2.0570033593184234,-1.648011835939422,2,Underperforming Attackers
-0.4889498628912147,-0.3104476189840804,2,Underperforming Attackers
-2.061836656110346,2.529637687103478,0,Defensive Specialists
-4.389581130668579,-4.6207109146971375,4,Low-Impact / Low-Minute Players
-2.5918310875053074,2.6220579139916156,0,Defensive Specialists
1.8518141145582578,-1.806721036800029,2,Underperforming Attackers
-0.8396671412476912,0.334869260603996,2,Underperforming Attackers
1.9388295695071007,1.6556699778215411,1,Creative Playmakers
-3.4780941422457015,-3.819889433924369,4,Low-Impact / Low-Minute Players
5.009397891186334,-1.6310424143522493,3,Efficient Finishers
-1.645225448725853,4.7728812856480936,0,Defensive Specialists
0.545620569035826,-2.4188854333447227,2,Underperforming Attackers
-2.2105358788138174,1.4998538325069155,0,Defensive Specialists
0.8652360767871884,-0.5269087587563637,2,Underperforming Attackers
-3.4765075084924284,-1.403098371228835,4,Low-Impact / Low-Minute Players
1.3958437074678882,-0.5641901150869533,2,Underperforming Attackers
-3.012722216073374,-1.638235266420569,4,Low-Impact / Low-Minute Players
0.5188622021105538,-2.17415689695719,2,Underperforming Attackers
-2.9044888454235362,2.101703330969206,0,Defensive Specialists
0.9567243924569218,0.849108252895173,2,Underperforming Attackers
6.668664275589256,-0.9750068345105668,3,Efficient Finishers
-2.325626979072431,3.223860976377654,0,Defensive Specialists
-2.241677882778872,-1.287197817347722,2,Underperforming Attackers
-3.8618858933137754,-3.0823342061164793,4,Low-Impact / Low-Minute Players
-0.6610440881795683,2.925140487547284,0,Defensive Specialists
4.927006435702182,-1.8054443028758835,3,Efficient Finishers
-0.07174674570871523,-0.886830283978123,2,Underperforming Attackers
-2.5453532737428244,2.5873115431349416,0,Defensive Specialists
-0.49370468810703755,-2.255387475915532,2,Underperforming Attackers
-2.1300382404878233,0.5397791354502813,0,Defensive Specialists
2.344523203531594,-0.48796614303515784,2,Underperforming Attackers
-2.0967361018221427,1.0815402998610404,0,Defensive Specialists
0.5766386185565492,0.962237298039166,2,Underperforming Attackers
-1.682125483432283,1.8635210151269974,0,Defensive Specialists
-0.31484256677680433,-0.7341559379776109,2,Underperforming Attackers
-4.448626757331366,-4.307076912870666,4,Low-Impact / Low-Minute Players
-0.3027224366542718,-0.04006778920202852,2,Underperforming Attackers
-1.6493582855848874,1.3806480389999511,0,Defensive Specialists
0.6481461328545756,-1.6690940603242637,2,Underperforming Attackers
-1.907228524921443,1.4508353862080017,0,Defensive Specialists
4.780795998185993,3.3872116951937534,1,Creative Playmakers
3.470049751525164,-2.5146113694477035,3,Efficient Finishers
-1.8277691414365387,1.7371599164567517,0,Defensive Specialists
6.346820032794953,-1.0464862621489501,3,Efficient Finishers
-0.6124293708907744,-0.32172401570482817,2,Underperforming Attackers
-4.058924793713043,-3.7359621886814707,4,Low-Impact / Low-Minute Players
4.027188540438108,-2.5821020509603185,3,Efficient Finishers
-1.5557384411828954,-0.10357253074730012,2,Underperforming Attackers
-1.8658751026295424,1.8454671026704836,0,Defensive Specialists
-1.3177674986204388,-0.9586149758475447,2,Underperforming Attackers
-2.138366512111303,2.0648465580137083,0,Defensive Specialists
-3.8461054026830843,-3.5357094636833035,4,Low-Impact / Low-Minute Players
-1.3578247545609914,3.570482308718391,0,Defensive Specialists
-1.3806473594897724,-0.8477403122410082,2,Underperforming Attackers
0.401594318024591,-1.749953113837652,2,Underperforming Attackers
1.1298904507998444,0.9516249705069542,2,Underperforming Attackers
-2.7728943058110653,2.631515146190333,0,Defensive Specialists
3.655777735459698,-1.6382188436032465,3,Efficient Finishers
-2.822843572369333,1.5234003790201456,0,Defensive Specialists
-1.5149216151542368,-0.8209875413141311,2,Underperforming Attackers
-2.0231831147941004,3.6943095343646837,0,Defensive Specialists
-4.008564090211486,-4.524700456558174,4,Low-Impact / Low-Minute Players
-1.7158918521050044,-0.6532190132744037,2,Underperforming Attackers
5.230969612539019,-2.4285319386167954,3,Efficient Finishers
-1.5162570353040783,3.4254890386573225,0,Defensive Specialists
-3.1660871380150812,0.424359612870343,0,Defensive Specialists
1.551336208870457,-0.6382246023598478,2,Underperforming Attackers
0.1764687734906048,1.2940989853139908,2,Underperforming Attackers
-3.25996213051357,-2.648984613389554,4,Low-Impact / Low-Minute Players
-1.9340080720846375,5.626659478692728,0,Defensive Specialists
2.560024469851566,0.676355825053548,1,Creative Playmakers
2.428048391217541,-1.4472138878823102,3,Efficient Finishers
-2.009563597728073,1.7475653655382997,0,Defensive Specialists
-1.1776135432779193,3.042102368292458,0,Defensive Specialists
-0.4617016301488444,-0.030623488388902664,2,Underperforming Attackers
3.4796267599614263,-1.8798918592507983,3,Efficient Finishers
-2.275464625145784,1.121714937874064,0,Defensive Specialists
-1.751081770199632,-1.0184091270405116,2,Underperforming Attackers
2.433134685681688,1.3030989259114065,1,Creative Playmakers
-1.1712970337599664,4.242691969935963,0,Defensive Specialists
-2.1496018313849885,2.00795464268545,0,Defensive Specialists
4.768236026244607,-1.164990160232492,3,Efficient Finishers
0.3811373678510229,0.6074406169609731,2,Underperforming Attackers
-2.8630726813575644,0.7741190114644181,0,Defensive Specialists
-4.228000094811156,-4.177881385290522,4,Low-Impact / Low-Minute Players
2.2430566740996567,-0.8749669195758479,2,Underperforming Attackers
-0.5795652734307685,0.3617974573667903,2,Underperforming Attackers
-2.4162363994839664,1.2292793802171074,0,Defensive Specialists
1.2187843777015153,-0.37305129282464855,2,Underperforming Attackers
1.60449078714266,-2.224233049353021,2,Underperforming Attackers
-2.7509891789384566,0.7834958865804315,0,Defensive Specialists
-3.62783578803652,-2.9018400693955466,4,Low-Impact / Low-Minute Players
-1.8919185250075294,-1.2709774144077928,2,Underperforming Attackers
0.23403666212083435,-1.9663732792884097,2,Underperforming Attackers
-2.949440781770459,1.8611960034566843,0,Defensive Specialists
3.6703259576250615,-1.8405884155133017,3,Efficient Finishers
5.103347906238018,1.8652382535543706,1,Creative Playmakers
-3.9181039764622505,-2.894833820141866,4,Low-Impact / Low-Minute Players
-1.6472790563470532,2.2434711251922317,0,Defensive Specialists
1.775514466375471,-2.0219994346468266,2,Underperforming Attackers
2.2817072952743187,2.097763589294402,1,Creative Playmakers
3.666862876295299,-2.581340773250383,3,Efficient Finishers
-0.5052331372346408,5.494991917529977,0,Defensive Specialists
0.45026830332262535,-0.8045894342105157,2,Underperforming Attackers
-3.898751194602091,-2.2022437995069986,4,Low-Impact / Low-Minute Players
-1.3082235532903106,-1.5396321619129296,2,Underperforming Attackers
-1.992568258627373,2.5331434686352994,0,Defensive Specialists
1.2352713757892508,-0.8920422985855193,2,Underperforming Attackers
-2.557848287574384,1.673411662760062,0,Defensive Specialists
3.335852113709986,1.4672524802492208,1,Creative Playmakers
-0.3321058192187001,0.5259104287067358,2,Underperforming Attackers
-1.7294694072660626,1.4994261105354365,0,Defensive Specialists
5.201067556670975,-1.5745121798358426,3,Efficient Finishers
-2.524901980554591,1.2883365276700496,0,Defensive Specialists
-1.2033089916398778,-1.6126894641814833,2,Underperforming Attackers
-4.002980230053116,-3.531552172539052,4,Low-Impact / Low-Minute Players
-3.3351024192558474,1.7844100393098972,0,Defensive Specialists
5.528117637829008,2.927689274000718,1,Creative Playmakers
-2.6964818637485606,2.106525654297388,0,Defensive Specialists
2.899722456400978,-1.5141064037336005,3,Efficient Finishers
2.943059901626513,-0.08662164925278205,1,Creative Playmakers
-3.6799001223724153,-4.736045202532727,4,Low-Impact / Low-Minute Players
-3.1393404077216633,1.4604057807255904,0,Defensive Specialists
5.7259199878419675,-1.7147304358253075,3,Efficient Finishers
-1.396674018072092,3.182135551069009,0,Defensive Specialists
0.4654249909856937,-2.9818063425685266,2,Underperforming Attackers
2.6163931995202994,0.020475810573921907,1,Creative Playmakers
-4.196470111084535,-3.1681665816010915,4,Low-Impact / Low-Minute Players
1.7666477341781996,-1.5870869413768018,2,Underperforming Attackers
-2.462111206714136,1.79862381165264,0,Defensive Specialists
-0.35404322825705914,-1.4370097528718904,2,Underperforming Attackers
-0.001009615242163564,0.38699630196085794,2,Underperforming Attackers
-2.2992068489675828,1.6778623739263976,0,Defensive Specialists
1.7497855159052376,-2.4492349334878667,2,Underperforming Attackers
-2.6794106033801657,1.0509992952522893,0,Defensive Specialists
-3.9306605337748772,-2.8402314897708156,4,Low-Impact / Low-Minute Players
0.8560206172444831,-0.835357044642638,2,Underperforming Attackers
3.144142503150024,-1.9074685720887898,3,Efficient Finishers
-1.0254180111562254,1.7021288553433152,0,Defensive Specialists
0.15340991847789795,-0.7478088067044877,2,Underperforming Attackers
-1.9889547600936253,2.7330619783407992,0,Defensive Specialists
-4.1688378342804535,-3.350107465456407,4,Low-Impact / Low-Minute Players
0.8646866587859613,-0.4282664606146017,2,Underperforming Attackers
5.34974631174469,-1.0694817391714888,3,Efficient Finishers
-2.938331391594903,2.042976825796245,0,Defensive Specialists
-2.8794667259710964,1.3433165819008857,0,Defensive Specialists
1.3520239056826933,-0.26636768730264954,1,Creative Playmakers
-0.3996009665294876,-1.7823542137426718,2,Underperforming Attackers
5.054725009852023,2.9449766539936206,1,Creative Playmakers
-1.7063880467224395,5.713953269474467,0,Defensive Specialists
-1.4996373172418607,-2.187255912645527,2,Underperforming Attackers
-2.6900655459289573,-0.19746935129860282,0,Defensive Specialists
-0.8330428751737164,-1.7589340303160654,2,Underperforming Attackers
-2.0074362057056034,2.9385097534614,0,Defensive Specialists
1.6956028910641248,0.5712232698408476,2,Underperforming Attackers
-2.9558496678850044,1.0411797363951822,0,Defensive Specialists
-4.62765336464403,-3.9896054259384166,4,Low-Impact / Low-Minute Players
6.166544855862942,2.6718035331606855,1,Creative Playmakers
-0.43942452662559056,-2.3479367767054513,2,Underperforming Attackers
5.18334580378547,-0.995934970721091,3,Efficient Finishers
-4.791555331809226,-4.427733659982204,4,Low-Impact / Low-Minute Players
-1.8862202970804685,1.733805478914044,0,Defensive Specialists
-1.1775015899149657,-0.9367509281331211,2,Underperforming Attackers
2.229137554756474,2.1877779923618585,1,Creative Playmakers
3.2795755286980453,-1.9450274475516505,3,Efficient Finishers
-2.4212414723535542,0.9083250080745565,0,Defensive Specialists
2.037208694246198,-0.7422051775889419,2,Underperforming Attackers
-0.7215707766660605,4.413388506304682,0,Defensive Specialists
0.039479164048067734,-2.8587949172558416,2,Underperforming Attackers
-0.9137580431863278,-1.0335310183851103,2,Underperforming Attackers
-3.7910597257014014,-2.7567017402110707,4,Low-Impact / Low-Minute Players
-1.469671144117765,2.20998905094586,0,Defensive Specialists
-2.2028366201950145,2.2362309834420198,0,Defensive Specialists
3.374985489700012,-2.4682104577651245,3,Efficient Finishers
5.920635347452319,2.553828871064271,1,Creative Playmakers
-2.160976027639421,2.8128949908201903,0,Defensive Specialists
-1.3684667913418214,3.203420079083521,0,Defensive Specialists
0.7438025417067685,0.5626981406091199,2,Underperforming Attackers
-2.642024180444438,2.293049770902718,0,Defensive Specialists
4.258401725890364,0.9691652786789138,1,Creative Playmakers
3.1069889705435196,-2.063220882738519,3,Efficient Finishers
-2.5432393413030256,0.8674946140383419,0,Defensive Specialists
5.001110335004478,2.6041348487820826,1,Creative Playmakers
3.080041857226081,-0.3722962343098635,1,Creative Playmakers
-1.5173703585981773,3.6009256095471316,0,Defensive Specialists
3.3462658009696975,-2.7843493238717105,3,Efficient Finishers
-1.8033317035850698,1.2351271869218294,0,Defensive Specialists
5.419543796804661,-1.8333285983584788,3,Efficient Finishers
-1.6393524312643089,0.6170580631529541,2,Underperforming Attackers
-4.1494792524045145,-2.566741709331914,4,Low-Impact / Low-Minute Players
1.6897933840312853,0.5658395277289064,2,Underperforming Attackers
-1.3914813313598118,-1.782283553092602,2,Underperforming Attackers
-1.7881495997777053,0.7254482686085681,0,Defensive Specialists
8.484449120349954,-1.3365708466659298,3,Efficient Finishers
6.7324010622799015,2.5098724941748594,1,Creative Playmakers
-3.7923102134798867,-3.4522947791047582,4,Low-Impact / Low-Minute Players
-3.618642247248718,-0.10941257034009215,0,Defensive Specialists
-2.4296309237767093,3.1753404477206644,0,Defensive Specialists
4.821637457086358,-1.0804726912749278,3,Efficient Finishers
-4.322392963111941,-3.8215247287254104,4,Low-Impact / Low-Minute Players
-2.774286263529081,0.3724369495987853,0,Defensive Specialists
-0.6052464049819277,-0.6836588526415396,2,Underperforming Attackers
-4.052109681104747,-3.750379608705529,4,Low-Impact / Low-Minute Players
7.495521662270555,-0.9479220946272603,3,Efficient Finishers
-2.988266920538116,1.5209444272939072,0,Defensive Specialists
-0.2808266822088234,1.3053839544186148,2,Underperforming Attackers
-2.565305136748276,3.5062661513719715,0,Defensive Specialists
5.706997474700413,-1.217479351524311,3,Efficient Finishers
0.45501425612658436,-1.339399946486667,2,Underperforming Attackers
7.61439792378971,-0.5278185044530019,3,Efficient Finishers
5.642385100778468,1.8273567257332886,1,Creative Playmakers
-2.9250343980133864,0.6642105587032778,0,Defensive Specialists
-2.07426623728777,0.16689460492095223,0,Defensive Specialists
-1.0363001359372987,-0.8331568658101947,2,Underperforming Attackers
7.7969150560672675,3.2842539248014435,1,Creative Playmakers
-3.686023961795145,-2.1459650398507972,4,Low-Impact / Low-Minute Players
-2.6644618425784423,2.312147481681154,0,Defensive Specialists
8.311702967987532,-1.8429535009441373,3,Efficient Finishers
0.43416878646451496,0.2179954259338737,2,Underperforming Attackers
-1.66523461582164,1.1517874479837344,0,Defensive Specialists
-3.5395380894838966,-0.3652789991639489,0,Defensive Specialists
0.6118284509622224,0.1393290610425809,2,Underperforming Attackers
7.364177850954191,-3.2166709773789632,3,Efficient Finishers
-0.1481802983493907,4.424585652313701,0,Defensive Specialists
-2.9111903682265505,0.9560050514225571,0,Defensive Specialists
-4.412884542009939,-4.057273488795388,4,Low-Impact / Low-Minute Players
3.051394528385972,2.514467022325324,1,Creative Playmakers
3.3123956434758517,-1.2951676524676112,3,Efficient Finishers
0.7373948145486527,1.039652215135129,2,Underperforming Attackers
-0.7731777538463035,3.978813133308276,0,Defensive Specialists
0.34920100575882906,0.1613393718062421,2,Underperforming Attackers
0.9833018006476003,-1.6431064125608486,2,Underperforming Attackers
-2.645039430940004,1.2859976208945192,0,Defensive Specialists
3.809642940754766,-1.1577401361617345,3,Efficient Finishers
2.2361690052099137,1.7779989124183022,1,Creative Playmakers
-3.050090060659733,1.332062086362639,0,Defensive Specialists
-4.3010192977838475,-3.3722848739106523,4,Low-Impact / Low-Minute Players
2.8637464150892886,-0.8292086705038636,2,Underperforming Attackers
-3.0947630191229867,3.3017739444062486,0,Defensive Specialists
1.032864018033357,-0.3368753029983855,2,Underperforming Attackers
-2.794488777457039,1.5484664803006554,0,Defensive Specialists
-0.18368650728733932,0.2057006261592591,2,Underperforming Attackers
-2.9932348572209193,0.7024816099838831,0,Defensive Specialists
-4.302317901106327,-3.046552115499558,4,Low-Impact / Low-Minute Players
3.2995691140415064,-1.6622038978474218,3,Efficient Finishers
-1.0576702875317,-0.5749753281190148,2,Underperforming Attackers
-2.3290300018475256,2.9863245959218268,0,Defensive Specialists
2.7332785401882345,1.6622222563998985,1,Creative Playmakers
-3.1308680444428476,-2.4142048952615545,4,Low-Impact / Low-Minute Players
11.251014175014333,-1.49169389332666,3,Efficient Finishers
-1.2728860565246578,0.7500045194010581,0,Defensive Specialists
-1.5246894580544097,1.6142440217168113,0,Defensive Specialists
2.0627411870564973,-0.9928591722054628,2,Underperforming Attackers
6.421385176530274,-1.9381768289118857,3,Efficient Finishers
-2.527670671424701,1.6668329167801486,0,Defensive Specialists
3.5330788488098914,0.9828666808864568,1,Creative Playmakers
-0.10377689628616668,-2.554570990970382,2,Underperforming Attackers
-2.788522371304625,1.8101761417872801,0,Defensive Specialists
2.1295142665729747,1.2176165371811112,1,Creative Playmakers
7.715320059819158,-1.8262970335751425,3,Efficient Finishers
-1.5466070877506668,2.013681649073972,0,Defensive Specialists
-4.255706595863969,-4.486522783599655,4,Low-Impact / Low-Minute Players
7.359707606342857,-1.5279501251900511,3,Efficient Finishers
-4.340214419966594,-4.138979499603872,4,Low-Impact / Low-Minute Players
1.5660540191278007,0.05187110551205913,2,Underperforming Attackers
-2.9397911219890958,0.6188909317357493,0,Defensive Specialists
-0.7123518689094555,4.220333368254064,0,Defensive Specialists
0.5990955331261976,1.110125817237455,2,Underperforming Attackers
-2.0154047590525703,-0.9625722335023145,2,Underperforming Attackers
-2.1699155431471,2.134077660486014,0,Defensive Specialists
2.1559740546493633,-0.7667183922622771,2,Underperforming Attackers
-2.560342879857392,2.6053800814688852,0,Defensive Specialists
-3.478687079921116,-2.7798825930557283,4,Low-Impact / Low-Minute Players
1.2012495162031593,-1.436166862952534,2,Underperforming Attackers
-0.06401614082383343,-0.8534258105913466,2,Underperforming Attackers
5.042123771882348,0.8734802050766836,1,Creative Playmakers
-1.2364574355022255,-2.303455775469299,2,Underperforming Attackers
-2.1909251181150844,2.0482803694952594,0,Defensive Specialists
2.1540360856353526,1.5252096783603366,1,Creative Playmakers
-1.824392513791139,3.5047358859579547,0,Defensive Specialists
-0.5563763497598724,-0.6513722686851788,2,Underperforming Attackers
-1.7417463816168304,2.7185173767952158,0,Defensive Specialists
-2.436533904818249,1.7622153399543403,0,Defensive Specialists
3.118499738455007,-1.5577186922194208,3,Efficient Finishers
-2.2691771543090145,1.2861006249664915,0,Defensive Specialists
2.1838223596749673,0.3612954449292928,1,Creative Playmakers
-4.744666410654204,-4.261307022757573,4,Low-Impact / Low-Minute Players
0.6738017162569473,0.303890526678833,2,Underperforming Attackers
-2.734891276429629,1.2032644419728291,0,Defensive Specialists
-1.220212132223162,-2.772437413452962,2,Underperforming Attackers
2.972558225841316,1.279831688394697,1,Creative Playmakers
4.718880306167635,-1.948335191753571,3,Efficient Finishers
-1.5099706817260603,1.6948863357108763,0,Defensive Specialists
-2.129173425693639,1.8521055517495562,0,Defensive Specialists
7.580446525455072,-1.9923940156424713,3,Efficient Finishers
-0.07965416627901198,2.1345696549183764,2,Underperforming Attackers
-3.9806844649767386,-3.3871306031947808,4,Low-Impact / Low-Minute Players
3.1325814918644457,-1.6017727131385255,3,Efficient Finishers
-0.002148295285126034,-0.41388890758581365,2,Underperforming Attackers
-1.205386279227606,4.504235251082334,0,Defensive Specialists
-3.7391207050991544,-2.6044238147564296,4,Low-Impact / Low-Minute Players
1.9803781592622105,1.5848105617707646,1,Creative Playmakers
-1.9321894164663147,1.7959697738432234,0,Defensive Specialists
0.7034025721744539,-1.7628586517840428,2,Underperforming Attackers
2.2219287445356826,0.8240111169102843,1,Creative Playmakers
-2.0618955486442063,1.7310022204324043,0,Defensive Specialists
-2.924605706396114,0.14277709721012438,0,Defensive Specialists
-1.8717406401523637,-1.4613859765158415,2,Underperforming Attackers
4.710354362002602,1.7933035978828682,1,Creative Playmakers
-2.7278598394423828,2.3773624770312143,0,Defensive Specialists
0.45801077652254973,-0.37041811416084736,2,Underperforming Attackers
-2.4141352581372013,1.560088249525227,0,Defensive Specialists
6.460652169049611,0.12053051086973593,3,Efficient Finishers
-4.308930169639909,-3.903019677522807,4,Low-Impact / Low-Minute Players
-1.3167544018470363,4.753810984216678,0,Defensive Specialists
-1.288688814146129,3.4288178183139504,0,Defensive Specialists
-0.09358629385191622,-2.503907059790445,2,Underperforming Attackers
5.390193420454165,3.861241039978332,1,Creative Playmakers
-4.303215641084,-3.8252880114928747,4,Low-Impact / Low-Minute Players
1.9188654089164177,0.21234241942074625,2,Underperforming Attackers
3.591989288869363,-1.2215096512869983,3,Efficient Finishers
-0.20399791587062713,5.12704566725086,0,Defensive Specialists
5.270545884568749,-2.7939444805441314,3,Efficient Finishers
-0.07881059195984198,-0.142855668910621,2,Underperforming Attackers
-2.87126097950159,2.255645056519975,0,Defensive Specialists
-3.6829584520551464,-2.6779933635122384,4,Low-Impact / Low-Minute Players
-0.10500886241061924,-2.0894250345827285,2,Underperforming Attackers
2.7046937699816054,-1.5513207337149906,3,Efficient Finishers
-1.630009696867426,2.924709587834234,0,Defensive Specialists
-2.4701878304030456,0.11591808726381053,0,Defensive Specialists
3.1662328500601835,-1.5401147915038906,3,Efficient Finishers
0.42371613655817547,-0.005080196867785826,2,Underperforming Attackers
2.8513948088180316,-1.3586296394572421,3,Efficient Finishers
3.292497361985363,0.5887119982337692,1,Creative Playmakers
-1.9873876947193156,0.2475408852334137,0,Defensive Specialists
-3.081458934089337,0.7352271663656329,0,Defensive Specialists
6.12819604394998,-1.716965967372907,3,Efficient Finishers
0.4722677608658725,-0.5211417758593543,2,Underperforming Attackers
-2.325978288297592,1.9425989918783073,0,Defensive Specialists
1.8248975375411038,0.12666741197309844,1,Creative Playmakers
-2.8925489978631536,2.5383524493966756,0,Defensive Specialists
-4.12337676907547,-4.0092378014780365,4,Low-Impact / Low-Minute Players
-1.7226393294041855,0.5336459985317301,0,Defensive Specialists
-0.7672074485560678,-0.7019758537752562,2,Underperforming Attackers
0.3917778783886456,-2.6202670384009954,2,Underperforming Attackers
-0.47832999183293085,-1.7686282954631112,2,Underperforming Attackers
-2.6476124796569303,0.9839403780140832,0,Defensive Specialists
7.1243477455343145,2.8717824127164886,1,Creative Playmakers
-1.7664893037764389,1.7149722267744256,0,Defensive Specialists
2.6356722677394075,-0.7742701495216499,1,Creative Playmakers
0.991616135191222,0.6571463175870449,2,Underperforming Attackers
-2.4255821447202535,1.5428457528157455,0,Defensive Specialists
-3.8014963755921256,-2.0127495788474663,4,Low-Impact / Low-Minute Players
10.114664458299359,0.5349665621875335,3,Efficient Finishers
-0.5413240758586203,1.0422795015911963,2,Underperforming Attackers
-1.835378215359003,1.7114259959288656,0,Defensive Specialists
-4.186191651555587,-2.855482488135869,4,Low-Impact / Low-Minute Players
0.4468926667710335,-2.120149538989866,2,Underperforming Attackers
2.0427082660151124,0.9698658729749122,1,Creative Playmakers
-1.6196201416752845,3.83496356518227,0,Defensive Specialists
3.886641638907542,-1.8608853312016775,3,Efficient Finishers
-4.184293590544465,-4.109089680416807,4,Low-Impact / Low-Minute Players
-2.6031642090792766,2.3648351115948656,0,Defensive Specialists
0.09771215663104793,0.08809069312619984,2,Underperforming Attackers
-0.982443733019596,3.0000311069284433,0,Defensive Specialists
5.825695172962826,-1.333045870711571,3,Efficient Finishers
-3.376251824437843,1.8693439273158623,0,Defensive Specialists
1.3303271185669374,-1.4862683469378593,2,Underperforming Attackers
-0.08473428771099434,-0.08782985213320015,2,Underperforming Attackers
-4.067324890451868,-3.6920217208465695,4,Low-Impact / Low-Minute Players
-1.1585079336173294,-0.7163878999108835,2,Underperforming Attackers
-3.276470790900835,0.3394339146873902,0,Defensive Specialists
3.6299154679024626,2.877976915592502,1,Creative Playmakers
1.4783071955773766,-1.5484621366927314,2,Underperforming Attackers
-4.139496335465669,-3.8257464978062843,4,Low-Impact / Low-Minute Players
-2.6121665026293686,2.216801938342857,0,Defensive Specialists
-2.3396621221312883,3.3636474892524917,0,Defensive Specialists
0.68402660688146,0.09075190203076142,2,Underperforming Attackers
4.171874207491005,1.415196817514272,1,Creative Playmakers
-3.1305447280834757,0.8095229765364467,0,Defensive Specialists
0.24758232014751544,-2.456032082430014,2,Underperforming Attackers
4.060875739507553,-1.5150525216711581,3,Efficient Finishers
-2.920338507975197,1.2835473319907198,0,Defensive Specialists
6.433176034803688,2.1909602144864095,1,Creative Playmakers
-3.8626584564370843,-3.94863120080433,4,Low-Impact / Low-Minute Players
-2.020769668092028,3.825821735656958,0,Defensive Specialists
6.382856726885968,-0.48646534446450307,3,Efficient Finishers
3.25967312129477,1.093460126190669,1,Creative Playmakers
-2.819716662297043,0.6183437406270815,0,Defensive Specialists
4.1359492257605535,2.2317287879657677,1,Creative Playmakers
2.6692516608101853,-2.2089556860766737,3,Efficient Finishers
-2.882908492453963,-0.5301443314614379,0,Defensive Specialists
-0.6102119320881934,-0.19839902448079266,2,Underperforming Attackers
5.146734288773427,2.8752864473848483,1,Creative Playmakers
-3.259956774579472,-2.9480360356260467,4,Low-Impact / Low-Minute Players
4.652770425365153,-1.801782614008628,3,Efficient Finishers
-2.90832558666641,1.1519168789947103,0,Defensive Specialists
4.098920021202851,-1.0021267086070527,3,Efficient Finishers
-2.9591558950782266,0.03375378779120982,0,Defensive Specialists
-0.42879795608616017,-0.6346828219930748,2,Underperforming Attackers
-2.186305054954536,3.2525712435740943,0,Defensive Specialists
11.648285074065534,-1.3002363231536085,3,Efficient Finishers
-4.214840697306786,-3.4450654826127334,4,Low-Impact / Low-Minute Players
0.008713082096701075,-0.85722284276958,2,Underperforming Attackers
-1.348838031630375,-1.1842444566957444,2,Underperforming Attackers
-0.9277401314651773,3.749636105255805,0,Defensive Specialists
0.955745184500588,-0.35955032955552546,2,Underperforming Attackers
-1.746258195000852,2.6963147381717163,0,Defensive Specialists
4.414438003138661,-1.4356196403725892,3,Efficient Finishers
-2.8482996257943762,1.1151310396386631,0,Defensive Specialists
4.704579252161035,1.3124002989763544,1,Creative Playmakers
-1.3391109529212197,2.7319642335641245,0,Defensive Specialists
-0.5073124527411875,-0.9831524268063853,2,Underperforming Attackers
7.035413143777497,-0.8217994734374664,3,Efficient Finishers
-1.1418765035507623,2.2605281962207995,0,Defensive Specialists
2.292593490778235,1.143670411945129,1,Creative Playmakers
1.3196155596153416,-2.4316374893489248,2,Underperforming Attackers
-2.740520277564825,1.2169406162159209,0,Defensive Specialists
-1.8356543628733755,2.191942378698282,0,Defensive Specialists
-0.8194655852482484,-1.0658184535599544,2,Underperforming Attackers
2.081427568269004,-1.578330798712658,2,Underperforming Attackers
-0.7082412925124593,0.5798496701896221,2,Underperforming Attackers
0.1386566778548943,1.7764499474202478,0,Defensive Specialists
1.7609095258304337,-0.6107638165326748,2,Underperforming Attackers
-3.964142409270271,-3.3712222537983756,4,Low-Impact / Low-Minute Players
-3.1513081914942247,0.32506034787832505,0,Defensive Specialists
1.9640849533994325,0.9200236322774015,1,Creative Playmakers
-1.5885060314022998,2.8084429373126283,0,Defensive Specialists
2.9168706851590795,-1.767737048794631,3,Efficient Finishers
-2.3487698368674663,2.1972512986132653,0,Defensive Specialists
-4.484560813517804,-3.3013503378330147,4,Low-Impact / Low-Minute Players
2.650685121177098,0.5898337114807399,1,Creative Playmakers
5.451338057615917,-2.134957020078542,3,Efficient Finishers
4.135916330253481,3.1461825405937818,1,Creative Playmakers
-2.4747184992510296,1.0388911885865861,0,Defensive Specialists
-4.242977865581324,-3.889231574017142,4,Low-Impact / Low-Minute Players
0.08073409499233086,-2.5681623378691554,2,Underperforming Attackers
-2.6612680585706645,2.417003208201124,0,Defensive Specialists
0.7930883902033177,0.44183062101267523,2,Underperforming Attackers
-2.7042544856777475,0.6118745266116634,0,Defensive Specialists
5.109280497398167,1.3590893648285967,1,Creative Playmakers
-4.265636905405991,-3.6057605774002486,4,Low-Impact / Low-Minute Players
10.168995335166949,-0.7758908316861144,3,Efficient Finishers
4.582522080572814,-1.4725007278553512,3,Efficient Finishers
-2.475222113705215,1.3675450819637278,0,Defensive Specialists
-0.2336373518000798,0.30021367728540893,2,Underperforming Attackers
7.710154644041604,3.1377317299800427,1,Creative Playmakers
-2.1560112553931483,2.1036388150105982,0,Defensive Specialists
-2.7472233726688464,1.294763982672236,0,Defensive Specialists
1.93474518386118,0.2036282122107943,2,Underperforming Attackers
8.162695026688175,-0.8486401879944214,3,Efficient Finishers
2.7801715493852543,1.2974026094667241,1,Creative Playmakers
-3.1826367876124295,1.9874593647947878,0,Defensive Specialists
-4.11720282596754,-3.200003012872589,4,Low-Impact / Low-Minute Players
2.6091694725889645,0.8944744148118731,1,Creative Playmakers
-0.6558726522157021,3.6860052265516505,0,Defensive Specialists
3.4308980499481083,-1.6990476827351555,3,Efficient Finishers
6.298366254056621,-1.8221028810633926,3,Efficient Finishers
-4.372305815055859,-3.463531286374161,4,Low-Impact / Low-Minute Players
-2.980368160117035,1.3908327599617616,0,Defensive Specialists
1.4325474278875807,-0.9298421117297883,2,Underperforming Attackers
-1.9832652984383985,1.2214259941667733,0,Defensive Specialists
-3.1874744640155384,1.1410252828662937,0,Defensive Specialists
3.7828898149160923,-1.2823859230186383,3,Efficient Finishers
-0.9376228346756335,-2.0311670432150315,2,Underperforming Attackers
-1.1571756009811829,5.195617027114953,0,Defensive Specialists
3.853042368492796,-1.2050882829569876,3,Efficient Finishers
4.4991388112916395,2.3235807542319487,1,Creative Playmakers
-2.7655026596996186,0.30456802779000436,0,Defensive Specialists
-3.55021151278082,-3.518320892466963,4,Low-Impact / Low-Minute Players
5.124547802940929,1.9259276316978051,1,Creative Playmakers
-3.5632939797579506,0.6346669029596418,0,Defensive Specialists
2.6475951723035767,-2.226505949902502,3,Efficient Finishers
-1.2921616629355503,2.265920855983365,0,Defensive Specialists
4.565633614780371,0.5653831481581578,1,Creative Playmakers
0.4457703657164673,-2.1558306682052044,2,Underperforming Attackers
-3.288704920385765,-0.011026778607200279,0,Defensive Specialists
-0.5345470170270735,-0.14856906971096265,2,Underperforming Attackers
8.831507931327952,-0.7255371483389669,3,Efficient Finishers
-4.5741500569964115,-3.9986971214519165,4,Low-Impact / Low-Minute Players
-2.715214965185552,1.3636351335478465,0,Defensive Specialists
-3.9431473194495354,-3.4166980191716436,4,Low-Impact / Low-Minute Players
-0.3279756744447334,0.18971282466641332,2,Underperforming Attackers
0.4818349079667202,-1.4270386363676013,2,Underperforming Attackers
1.6140359375230324,0.7378782542413365,1,Creative Playmakers
-1.9050228141770196,2.858039751322346,0,Defensive Specialists
1.7791529567067985,0.6887728659950034,2,Underperforming Attackers
-1.2162798918926503,3.5618746177907536,0,Defensive Specialists
-2.4019219930061877,0.7005784765038002,0,Defensive Specialists
-1.308350921380294,-0.9037072873911627,2,Underperforming Attackers
2.9773643638232383,-1.4852020060407587,3,Efficient Finishers
3.0063918413311344,-1.878077400745303,3,Efficient Finishers
-2.56968595961245,0.7839158992667562,0,Defensive Specialists
-0.25538788546625224,1.326811715323891,2,Underperforming Attackers
-2.1946078078475826,2.35752895811885,0,Defensive Specialists
3.3980947169391693,0.09943136796753563,1,Creative Playmakers
-2.989422633280066,1.284002485434867,0,Defensive Specialists
0.7291153625817344,-2.4342149605941903,2,Underperforming Attackers
-4.400009615461426,-4.09488826280647,4,Low-Impact / Low-Minute Players
-0.7051058748775026,0.26839010584226125,2,Underperforming Attackers
-2.678652477801127,1.9718122522359418,0,Defensive Specialists
-1.8211029825885139,2.009736345208518,0,Defensive Specialists
4.311168949116406,-1.1749748094520795,3,Efficient Finishers
-0.6014198370216376,1.173590481942036,2,Underperforming Attackers
-3.1787163290686937,-0.1794646317409992,0,Defensive Specialists
4.768313587077853,0.900821828128574,1,Creative Playmakers
3.059386093700057,0.1534857163988581,1,Creative Playmakers
-3.5559902203955125,-2.963562261310721,4,Low-Impact / Low-Minute Players
-1.544125322391334,3.843920138842966,0,Defensive Specialists
1.0731596575213729,-2.87159478966885,2,Underperforming Attackers
-1.4605901876131835,2.6221539589389806,0,Defensive Specialists
2.256685023252785,-1.2050165501132672,2,Underperforming Attackers
4.293755183350788,2.3897739469278454,1,Creative Playmakers
-4.586750197031709,-4.986363491075208,4,Low-Impact / Low-Minute Players
-1.071324771838875,-0.3576459783278726,2,Underperforming Attackers
-3.7012243945155703,-3.726319774425907,4,Low-Impact / Low-Minute Players
6.130101265934475,-1.8194020700973226,3,Efficient Finishers
-2.416956281872124,1.4934549078819788,0,Defensive Specialists
-2.0726335799104554,3.6517836882355073,0,Defensive Specialists
-4.12912520320269,-3.6272862173759046,4,Low-Impact / Low-Minute Players
0.7061715342675049,-2.0350394561624117,2,Underperforming Attackers
-0.4596986589292374,-0.22084853131505683,2,Underperforming Attackers
5.927201979248172,-1.784506566621836,3,Efficient Finishers
-4.2420873757058635,-4.114887690385514,4,Low-Impact / Low-Minute Players
-2.9283344355240764,2.620097026364027,0,Defensive Specialists
0.9761657845011372,-0.671420473922809,2,Underperforming Attackers
-0.6811151187309948,-0.19915299832979322,2,Underperforming Attackers
4.261242015488977,-1.4615540468888402,3,Efficient Finishers
-2.5005516762159474,0.7302585998580201,0,Defensive Specialists
7.461710242336332,-1.392002447744245,3,Efficient Finishers
-1.9988683649497443,1.894362009237544,0,Defensive Specialists
-0.054749884042249564,0.7904446949956113,2,Underperforming Attackers
-2.1922908303079547,1.4476913601744195,0,Defensive Specialists
-0.9967384374160656,-0.7062891434302514,2,Underperforming Attackers
-0.6017324696066085,5.91887241569724,0,Defensive Specialists
2.1632715615991094,-1.3870611141843996,2,Underperforming Attackers
0.9395524782021708,-2.2867985344578834,2,Underperforming Attackers
-2.0581917099706883,1.562809988284361,0,Defensive Specialists
0.38142177147769185,1.0421777180713272,2,Underperforming Attackers
-2.9430619908225095,1.8256335751370576,0,Defensive Specialists
6.759886645749803,-0.9264512682042431,3,Efficient Finishers
-0.09350612395438077,0.05590789763599212,2,Underperforming Attackers
-2.6709667140439604,-0.32168327580604267,0,Defensive Specialists
-2.363669019360383,2.676026385712353,0,Defensive Specialists
-0.33332219133371893,-0.6164932709791116,2,Underperforming Attackers
4.576290256916731,-1.3506208817459784,3,Efficient Finishers
-4.163832540085559,-3.401477839787667,4,Low-Impact / Low-Minute Players
-1.8990106544363836,2.0645909072457442,0,Defensive Specialists
3.503930450599318,1.286926298488196,1,Creative Playmakers
-1.9710706904715776,1.3293227177606384,0,Defensive Specialists
3.1574941769238856,1.971210364540114,1,Creative Playmakers
4.1277913272787865,2.082736053300346,1,Creative Playmakers
1.7587363859974767,-2.0312051838107634,2,Underperforming Attackers
-3.925592216516869,-2.647664363421442,4,Low-Impact / Low-Minute Players
-2.576647156297829,1.1203391072588293,0,Defensive Specialists
3.688904381259065,-1.9520564558342728,3,Efficient Finishers
-3.111652081388608,0.9067942939578698,0,Defensive Specialists
3.3491620251397487,1.8328698453782175,1,Creative Playmakers
-4.196830309547587,-3.1449761552226883,4,Low-Impact / Low-Minute Players
1.835982429753116,0.8294971230423777,1,Creative Playmakers
-0.1930437963697871,-3.048886655470845,2,Underperforming Attackers
-2.828810822655808,0.9870715221962523,0,Defensive Specialists
1.9336972874405947,0.31069643826320537,2,Underperforming Attackers
-2.5627079901793857,1.6794736014253908,0,Defensive Specialists
1.1026604007345064,-1.2584358300435108,2,Underperforming Attackers
-2.1831771607915673,1.9218177779110384,0,Defensive Specialists
-1.3051573200763102,4.926471537568121,0,Defensive Specialists
3.5975371507111285,-1.3829667500794807,3,Efficient Finishers
0.7527296142683302,0.11837492291705559,2,Underperforming Attackers
3.8095762200055736,3.5837598952261454,1,Creative Playmakers
-2.3480550563864866,1.4149933180364849,0,Defensive Specialists
-1.9032097643489028,2.0857452212384264,0,Defensive Specialists
1.6948727303033937,-2.857215798164329,2,Underperforming Attackers
-4.290396975164862,-4.275169705084577,4,Low-Impact / Low-Minute Players
3.017649663852103,1.1044152982996178,1,Creative Playmakers
1.9250359931582508,0.8755759240842554,1,Creative Playmakers
-2.6953980152238235,1.9251903564869675,0,Defensive Specialists
-2.0468442337126356,1.9528555914679373,0,Defensive Specialists
5.654310408174276,2.7227121393954437,1,Creative Playmakers
3.2704987212915166,-2.3985482057260525,3,Efficient Finishers
-1.923620680941521,-0.8748993498863342,2,Underperforming Attackers
-3.7431409443175734,0.2547645521728314,0,Defensive Specialists
-4.130756759656101,-3.7593563619939583,4,Low-Impact / Low-Minute Players
8.690811376116107,-0.8842269462080082,3,Efficient Finishers
-4.0695882058527575,-3.585092427536444,4,Low-Impact / Low-Minute Players
-3.0555254109093926,-0.26643699712885066,0,Defensive Specialists
0.8242796822735193,-2.366781124924635,2,Underperforming Attackers
5.355208368548275,0.6051891381797588,1,Creative Playmakers
-2.9669226132204316,2.2383643556031703,0,Defensive Specialists
2.435615765949895,-2.023569094384278,2,Underperforming Attackers
1.9570415463010709,1.3536907312938642,1,Creative Playmakers
-3.098703709441125,0.8622448056525546,0,Defensive Specialists
-1.5725427414524962,4.652817384096786,0,Defensive Specialists
4.371901462469541,1.7628058974910235,1,Creative Playmakers
7.06794374424897,-1.504948265054521,3,Efficient Finishers
-3.818977375931425,-3.115947695017949,4,Low-Impact / Low-Minute Players
-2.26221451146554,1.0915658260683039,0,Defensive Specialists
3.2385817115882185,0.09890121528156957,1,Creative Playmakers
-3.084557282228876,1.2630215788402024,0,Defensive Specialists
-1.5984448674838458,-1.4078126910389972,2,Underperforming Attackers
0.19587240886078006,-2.3982016954639547,2,Underperforming Attackers
7.180766183839816,2.642500308632552,1,Creative Playmakers
1.9239775470752123,-1.504859381274607,2,Underperforming Attackers
-3.553807216138402,-3.4263248150494845,4,Low-Impact / Low-Minute Players
-3.0320673361209978,2.352065465859157,0,Defensive Specialists
-2.503432884757271,0.22923475986857278,0,Defensive Specialists
1.470699320675051,-0.44577745028881255,2,Underperforming Attackers
4.888623069183944,-0.3069675048801395,3,Efficient Finishers
-3.1135448095737375,1.699104014699335,0,Defensive Specialists
3.1942192790293755,1.098845000907507,1,Creative Playmakers
-3.152978294912812,0.9630048129264006,0,Defensive Specialists
3.867824839796872,-1.6222252820327279,3,Efficient Finishers
1.5454493119812946,0.9827986818554637,2,Underperforming Attackers
-3.858130768682727,-3.3424594397791876,4,Low-Impact / Low-Minute Players
-2.5094237513747273,1.0752258743056748,0,Defensive Specialists
-2.4992060243381373,2.769394632104367,0,Defensive Specialists
6.185885926294312,-1.7157612377348237,3,Efficient Finishers
0.40435988751117374,0.6612409978695818,2,Underperforming Attackers
-0.5031906933825765,0.19952745005006486,2,Underperforming Attackers
3.151915419024383,-2.5310030785811253,3,Efficient Finishers
-0.6002655281158439,1.7980527138154676,0,Defensive Specialists
-1.7180899228645914,2.827079469838573,0,Defensive Specialists
0.375134017797841,-2.2389284104155434,2,Underperforming Attackers
5.336907738021785,2.3912324906820417,1,Creative Playmakers
0.30647584356485624,0.6114066647464483,2,Underperforming Attackers
-1.9536232288681434,1.921695235319686,0,Defensive Specialists
2.2694430631188247,-0.2196013164120455,1,Creative Playmakers
-0.2166333050351186,3.1473197299697153,0,Defensive Specialists
-3.6835630824703913,-3.803777616143979,4,Low-Impact / Low-Minute Players
-0.28143942959383256,-1.4422794274180633,2,Underperforming Attackers
-1.697199536932625,4.808082490186463,0,Defensive Specialists
-0.19228521307045227,0.45902219584825654,2,Underperforming Attackers
2.1580403999549254,-0.5763662011420496,2,Underperforming Attackers
0.6707944486780141,-1.5238900915014941,2,Underperforming Attackers
-1.9820558031654552,2.1909368348725913,0,Defensive Specialists
-3.75798364077204,-1.843498686926547,4,Low-Impact / Low-Minute Players
-1.3202873770873318,2.2657747428163435,0,Defensive Specialists
-1.7185037445629425,-2.730352616799239,2,Underperforming Attackers
-1.6615079451522203,3.6196447741114937,0,Defensive Specialists
7.33017231725883,-1.0323390466163052,3,Efficient Finishers
-2.926241568880577,0.3134413684979031,0,Defensive Specialists
8.475590521823792,-1.1197867478441585,3,Efficient Finishers
-4.6599584322726875,-3.9792252554787697,4,Low-Impact / Low-Minute Players
-0.10342941633885594,0.21672128018097964,2,Underperforming Attackers
-2.6707665757219776,1.2954647718578889,0,Defensive Specialists
2.864292676377323,1.1358469457657225,1,Creative Playmakers
-3.4806804826535225,-3.4131036409265443,4,Low-Impact / Low-Minute Players
2.3608396448270503,-2.2390330140406753,3,Efficient Finishers
-2.900505309131637,0.4804078042327599,0,Defensive Specialists
-2.523463357341343,2.0723620792502513,0,Defensive Specialists
4.046135109954459,-0.8980225185989533,3,Efficient Finishers
1.6258675110415894,-1.7805504778189116,2,Underperforming Attackers
-4.1664145394869125,-3.9173039754978958,4,Low-Impact / Low-Minute Players
-0.8886532918388265,0.25474196089501033,2,Underperforming Attackers
1.0615840166372363,0.9321988888258543,2,Underperforming Attackers
-1.5066920928250958,2.991061885025514,0,Defensive Specialists
4.14665206480266,-2.782321585862613,3,Efficient Finishers
1.8409149788171466,0.348461706889898,2,Underperforming Attackers
-4.274714441266481,-3.848347432340349,4,Low-Impact / Low-Minute Players
-2.366731384941311,1.6870207090326523,0,Defensive Specialists
-0.6786405910709308,0.08627625526052964,2,Underperforming Attackers
-0.7923835489837391,2.442543583623473,0,Defensive Specialists
4.879478411962636,0.6455106521670337,1,Creative Playmakers
-2.3853167116561935,1.0574686991464666,0,Defensive Specialists
3.5076133817411277,-0.8335539921512584,3,Efficient Finishers
4.52117834415097,1.1156420667542901,1,Creative Playmakers
-3.4977123187114025,0.8330241925899873,0,Defensive Specialists
2.380430014511644,-1.844800474737586,2,Underperforming Attackers
0.5502947121777155,-0.9359016298858388,2,Underperforming Attackers
-2.1465315548651387,1.1982681267322892,0,Defensive Specialists
-1.7822263835725929,3.802672213287765,0,Defensive Specialists
-2.25692285444558,1.348670454397023,0,Defensive Specialists
0.9275455271268163,1.3470887494445143,2,Underperforming Attackers
-2.160231462505013,2.230661829702981,0,Defensive Specialists
2.1472601820905672,-2.3552761671100004,2,Underperforming Attackers
1.1800183630635874,0.9034667241517771,2,Underperforming Attackers
-4.319594925546907,-3.924320209030296,4,Low-Impact / Low-Minute Players
-1.0461716272108368,1.693274813364296,0,Defensive Specialists
2.6235958472117926,-1.019819965166607,3,Efficient Finishers
0.5508012153288228,0.11090157726421004,2,Underperforming Attackers
0.9498113502529968,-0.11107282410053272,2,Underperforming Attackers
0.5504591810276591,-3.091666237597314,2,Underperforming Attackers
-2.524425864665447,1.6569138199599205,0,Defensive Specialists
-3.1240153456291146,-3.2960670001657286,4,Low-Impact / Low-Minute Players
-1.2069230189360773,2.6711707498135686,0,Defensive Specialists
6.594856680735166,2.5208312029385365,1,Creative Playmakers
0.7101507412574762,-2.7715970388156377,2,Underperforming Attackers
2.1333568204121605,1.8878651431487303,1,Creative Playmakers
-2.597885285684184,1.6202335793617886,0,Defensive Specialists
1.4684889783621635,-0.4074730968148779,2,Underperforming Attackers
-2.9341939133822907,2.82050266392242,0,Defensive Specialists
3.7397311380754266,-0.859190983730344,3,Efficient Finishers
-1.8290151062761033,-0.1623112291934753,2,Underperforming Attackers
-3.9294046513767023,-3.895565452413043,4,Low-Impact / Low-Minute Players
-0.7617328388286483,1.7400524375738466,0,Defensive Specialists
8.486412011343948,-1.2635800190352464,3,Efficient Finishers
2.0389481798781772,-1.8037346647280796,2,Underperforming Attackers
-3.3334977513010253,0.4785946228716498,0,Defensive Specialists
-4.0919533388987634,-3.5190726152944323,4,Low-Impact / Low-Minute Players
-0.7974419805332223,-0.22690862000747014,2,Underperforming Attackers
2.617641067403999,1.4975007857616223,1,Creative Playmakers
-2.052352687972095,1.0750847011624758,0,Defensive Specialists
3.1568796210800407,-0.8349639582817899,3,Efficient Finishers
3.7620369040893578,-2.468681472063087,3,Efficient Finishers
-2.0402845725341994,1.8029576990961957,0,Defensive Specialists
3.185348366392745,1.8650893553185077,1,Creative Playmakers
3.614245758681426,-1.7527001749678128,3,Efficient Finishers
-2.6150825542648697,2.052249238343563,0,Defensive Specialists
-1.5426402953804264,-1.3436136754822303,2,Underperforming Attackers
6.329509451635677,-2.0355898123276117,3,Efficient Finishers
-2.14476514113154,0.43818447508727554,0,Defensive Specialists
-4.338585345675668,-3.8819699249500035,4,Low-Impact / Low-Minute Players
1.9548476205082472,1.122938139045735,1,Creative Playmakers
-2.1640326875118285,1.9857057657261654,0,Defensive Specialists
4.673311302976986,2.6226287459793287,1,Creative Playmakers
-3.526252067387439,-2.83134835872963,4,Low-Impact / Low-Minute Players
-1.1404430311999083,4.453816716254728,0,Defensive Specialists
0.2409851575429116,-1.585850482663907,2,Underperforming Attackers
-0.36041532996318726,-0.5001544960877758,2,Underperforming Attackers
-2.45247796246347,0.44668960511056544,0,Defensive Specialists
0.25377502843911665,-0.4565697146870581,2,Underperforming Attackers
-1.7221688413579799,2.5131586197154223,0,Defensive Specialists
4.538690301581845,-2.8762317815653455,3,Efficient Finishers
3.167335528757127,0.6589787890444422,1,Creative Playmakers
-2.4316290284416873,1.2038268581629694,0,Defensive Specialists
-1.2794237335525254,4.161684832869875,0,Defensive Specialists
3.7619314254953937,-1.125150663778109,3,Efficient Finishers
0.3530556810603377,-1.2493218980763627,2,Underperforming Attackers
-3.290161062234975,0.1470965943123532,0,Defensive Specialists
-2.8954677620304863,1.0280405216222224,0,Defensive Specialists
5.059823440828285,1.166821600954745,1,Creative Playmakers
0.7805232432705912,0.39836229854211863,2,Underperforming Attackers
4.055681966786989,-1.0039735507999323,3,Efficient Finishers
-3.124731795718752,1.042221203199319,0,Defensive Specialists
-2.1024239454332827,1.6745648451943855,0,Defensive Specialists
5.018601916556358,-1.5080016284977162,3,Efficient Finishers
-3.5311292164314243,-3.3199437337958666,4,Low-Impact / Low-Minute Players
5.226403535292602,2.897177855979429,1,Creative Playmakers
-2.184382346884154,1.7597110892163006,0,Defensive Specialists
1.738839249353,0.7330997180544551,1,Creative Playmakers
1.6371593702088814,-1.7590623996766976,2,Underperforming Attackers
-4.178696184219464,-4.251643542695451,4,Low-Impact / Low-Minute Players
-0.3335682026163531,-1.6195245290477862,2,Underperforming Attackers
-2.6399004465894573,2.27724261620158,0,Defensive Specialists
-0.26767441521893964,0.47203846044527464,2,Underperforming Attackers
-4.078268376251156,-3.6970509617232397,4,Low-Impact / Low-Minute Players
-1.9536842406053028,3.3092809097826716,0,Defensive Specialists
3.8714401815987243,-2.0504203482341157,3,Efficient Finishers
-3.434304854471574,0.904113113216074,0,Defensive Specialists
-0.2748375716641475,-1.1456367958261624,2,Underperforming Attackers
-3.984591411472629,-3.5742360700389186,4,Low-Impact / Low-Minute Players
0.10832504683078491,0.11063601147950093,2,Underperforming Attackers
-2.398161677115573,3.105953362948213,0,Defensive Specialists
-0.48121971948769265,-0.8784046261197012,2,Underperforming Attackers
-3.914097034244742,-3.5693812489123298,4,Low-Impact / Low-Minute Players
0.5373045367409838,-2.6982119197628864,2,Underperforming Attackers
-2.7589840175055995,3.025328182983717,0,Defensive Specialists
2.8810403879496107,-0.3678306177703135,1,Creative Playmakers
8.642934738176072,-0.5086389671467396,3,Efficient Finishers
-4.3762512023788815,-4.367611863267341,4,Low-Impact / Low-Minute Players
-3.320661754176402,-0.7817373104818491,0,Defensive Specialists
0.04231372085263343,0.19831493794339722,2,Underperforming Attackers
-2.556768178594259,3.520897251251628,0,Defensive Specialists
-1.0988866374578663,2.391960185384608,0,Defensive Specialists
-0.35969002409054845,-1.53854832992665,2,Underperforming Attackers
4.55779885679317,-2.2442116829218732,3,Efficient Finishers
-1.3124539158472237,0.7704243918869469,0,Defensive Specialists
-0.010897466961586937,0.7299553444046588,2,Underperforming Attackers
-1.297606855219817,3.5369979130051847,0,Defensive Specialists
-0.9320762809508959,-2.4490362364870735,2,Underperforming Attackers
1.7563156734832088,-0.08389415435868482,2,Underperforming Attackers
3.9396958780074094,2.110101476981805,1,Creative Playmakers
3.5759388124633955,-2.451841642852352,3,Efficient Finishers
-1.9704079187052213,1.838675741973673,0,Defensive Specialists
-2.354421550471627,2.340905555785916,0,Defensive Specialists
2.419056224487108,0.637447230625248,2,Underperforming Attackers
8.583297765524133,-1.8900802015169438,3,Efficient Finishers
-1.8006712508895948,1.6746276762141792,0,Defensive Specialists
-3.8085547007950415,-3.058508799175,4,Low-Impact / Low-Minute Players
-1.6531359695652559,0.08426541683413806,2,Underperforming Attackers
-2.5895692860558053,2.5739043507128723,0,Defensive Specialists
0.3515827296823048,-2.3655262170289264,2,Underperforming Attackers
4.453163110653725,1.957437942787633,1,Creative Playmakers
-2.2759002920746325,2.1846049610649403,0,Defensive Specialists
-4.350227481672445,-4.014727308002253,4,Low-Impact / Low-Minute Players
-2.090619043491592,4.141365049221405,0,Defensive Specialists
-1.3285590522177801,-0.2103179561054329,2,Underperforming Attackers
-2.19273140772954,-1.0159380153356916,2,Underperforming Attackers
-2.2107875436553397,1.5021693040957704,0,Defensive Specialists
1.9581424394124651,-1.6667856580740479,2,Underperforming Attackers
-0.786303497622359,-1.483940876879447,2,Underperforming Attackers
-1.5481350893820403,1.5456154052977789,0,Defensive Specialists
8.185689893807421,-1.279480355840553,3,Efficient Finishers
1.9148402118525698,-0.12946480050088646,2,Underperforming Attackers
-2.5428497752445693,2.0383752609953825,0,Defensive Specialists
0.6592770906831474,-3.0836340838040144,2,Underperforming Attackers
-4.559357901509815,-3.954991576125906,4,Low-Impact / Low-Minute Players
2.990631941309184,1.0191384269594799,1,Creative Playmakers
-2.414773073494393,0.6855959769656877,0,Defensive Specialists
3.81219680763826,-1.0285634553372414,3,Efficient Finishers
-2.0325977212752107,2.973130920309951,0,Defensive Specialists
2.0433765191401494,0.7046727623532537,2,Underperforming Attackers
6.166586126516576,-0.22590985527916058,3,Efficient Finishers
-3.5665253007286224,-0.266565302637692,0,Defensive Specialists
-1.0505901927371877,-0.40352711807878056,2,Underperforming Attackers
-4.055906854139141,-2.7202732688990032,4,Low-Impact / Low-Minute Players
-1.8106048714603673,2.823471713794158,0,Defensive Specialists
-0.05189898584464123,0.4882750395059347,2,Underperforming Attackers
0.4701248856840592,-0.806490267899202,2,Underperforming Attackers
2.5793735508856463,-1.3963896449572035,3,Efficient Finishers
-2.334722419611566,1.3737503144694605,0,Defensive Specialists
-0.23715105118420512,-1.241874390164649,2,Underperforming Attackers
-3.000996207645805,1.1944701535236335,0,Defensive Specialists
1.1982453683047167,-2.102424280136835,2,Underperforming Attackers
-2.452596310467103,1.9255745029904228,0,Defensive Specialists
0.10797616159656948,-0.5187585569121909,2,Underperforming Attackers
-2.1046648770650696,1.5178047122585765,0,Defensive Specialists
0.8043254753990048,-2.1396410166777455,2,Underperforming Attackers
-1.899519562893602,3.3940166030558645,0,Defensive Specialists
5.706375324216875,-1.7230117214772864,3,Efficient Finishers
0.07558017635620227,0.18294200974646757,2,Underperforming Attackers
-4.580146958504597,-4.332845978531407,4,Low-Impact / Low-Minute Players
-0.8668731852162352,0.3429808079954081,2,Underperforming Attackers
4.998141780335396,-1.1249926138595432,3,Efficient Finishers
-2.413528861884005,0.9985908924942283,0,Defensive Specialists
-3.827791930172984,-2.0648518847327795,4,Low-Impact / Low-Minute Players
0.6069787071627581,0.8771705683978398,2,Underperforming Attackers
4.558233614159106,-0.46245904514186376,3,Efficient Finishers
-2.9741880279286157,1.121548078290673,0,Defensive Specialists
0.7017483921764106,-0.003066892930201406,2,Underperforming Attackers
-1.601757363449281,1.8647492998268034,0,Defensive Specialists
4.722377696956011,-1.507115365674796,3,Efficient Finishers
3.585181140993026,-2.277391603857479,3,Efficient Finishers
-3.0264033604606406,1.6652299444466823,0,Defensive Specialists
-1.5053133019058336,-1.2482085262545888,2,Underperforming Attackers
-4.176364927406359,-3.2723522668926326,4,Low-Impact / Low-Minute Players
-2.3730877087731876,1.759488549429749,0,Defensive Specialists
2.774688101726153,0.6145473864066534,1,Creative Playmakers
3.42462000360914,-1.3688751494636098,3,Efficient Finishers
2.0565151190876683,-1.3029186904247003,2,Underperforming Attackers
1.554098119214458,0.2469617119210269,2,Underperforming Attackers
-4.512297741257377,-4.912721454247265,4,Low-Impact / Low-Minute Players
-3.1353751723968375,-0.9685099956504885,0,Defensive Specialists
-1.8864107687413942,1.9285377134885193,0,Defensive Specialists
2.654261533015244,0.5291901580431794,1,Creative Playmakers
-2.9151157675721393,0.7197331228759374,0,Defensive Specialists
-3.585503915628894,-2.642272381890922,4,Low-Impact / Low-Minute Players
-0.3064436666675585,-1.5400278416889353,2,Underperforming Attackers
1.0665710047510244,0.6753853098568662,2,Underperforming Attackers
-2.41556372032829,1.8301255027665726,0,Defensive Specialists
-1.7991364680008162,1.927727517968955,0,Defensive Specialists
0.5496059253853819,0.44158358032288103,2,Underperforming Attackers
0.14011693533796699,-1.3461877330218999,2,Underperforming Attackers
4.119576176055866,1.9962643259288957,1,Creative Playmakers
-3.3525943099724875,0.7811062021012872,0,Defensive Specialists
-3.875176964541435,-3.1421160847407608,4,Low-Impact / Low-Minute Players
2.0239836552458055,-0.41580178240346644,2,Underperforming Attackers
-3.347455088889694,1.423208581524329,0,Defensive Specialists
1.3731567364307327,-1.4064011561236074,2,Underperforming Attackers
-2.463728442719077,-1.0979827063436756,0,Defensive Specialists
0.4679741205775379,0.23468226629710717,2,Underperforming Attackers
-1.0241130070546376,-0.13004026396316307,2,Underperforming Attackers
1.313479129176881,-2.179532865062016,2,Underperforming Attackers
-4.024228024859225,-2.563931798339799,4,Low-Impact / Low-Minute Players
-2.2602615578263325,2.4844743196405723,0,Defensive Specialists
6.8458849783936895,-1.6609562975870154,3,Efficient Finishers
-1.6013122309605472,4.716557134599461,0,Defensive Specialists
2.3529032082972563,0.21583470058724638,1,Creative Playmakers
-4.249988069735222,-4.163513309011717,4,Low-Impact / Low-Minute Players
-2.901904905634693,1.9024277084276668,0,Defensive Specialists
1.5590174101053358,1.1458947619371522,2,Underperforming Attackers
-2.339353763787197,2.8260282972473383,0,Defensive Specialists
3.100351625335293,-2.820386860972383,3,Efficient Finishers
-1.45518547275777,1.808925770615012,0,Defensive Specialists
1.3634210244683274,-0.030520841103795673,2,Underperforming Attackers
1.2662955365123687,-0.8491977689515081,2,Underperforming Attackers
4.156581135177496,1.9636592631908052,1,Creative Playmakers
-2.234674259314076,1.0679816271767026,0,Defensive Specialists
0.9840882384186709,-1.6040474573964247,2,Underperforming Attackers
-2.4590032656725778,0.48830401284036135,0,Defensive Specialists
0.7664079157120925,-0.20818296581636025,2,Underperforming Attackers
4.0248090892047514,-0.18804579502005142,1,Creative Playmakers
-3.124215715513842,1.7299259190067957,0,Defensive Specialists
2.088641273395948,-2.4004097049241397,2,Underperforming Attackers
-4.151119302900166,-3.844452614111131,4,Low-Impact / Low-Minute Players
-2.831019103380234,2.2472546406434413,0,Defensive Specialists
1.1994770194450162,1.5615062832657762,2,Underperforming Attackers
6.533369570129323,0.07337535186493095,3,Efficient Finishers
-2.447705404815898,3.361003804355267,0,Defensive Specialists
7.882135604287657,4.678752716886741,1,Creative Playmakers
-4.081683107294337,-3.748973911646222,4,Low-Impact / Low-Minute Players
-3.2283152318801576,0.7722174408160651,0,Defensive Specialists
2.879497169711497,1.1440086150155453,1,Creative Playmakers
6.90555652622833,-2.5031403478586265,3,Efficient Finishers
-1.5097919278841154,-0.6608691909558997,2,Underperforming Attackers
-2.3658893565381818,1.5617861045612986,0,Defensive Specialists
-2.1307985021371234,1.9338216333682412,0,Defensive Specialists
-0.3489310263429768,-1.8920119582828374,2,Underperforming Attackers
2.550033974164774,-0.054508308865841563,1,Creative Playmakers
1.1824991960102706,0.20294694564540905,2,Underperforming Attackers
-3.992318212644432,-2.905662494042101,4,Low-Impact / Low-Minute Players
-2.6389898691471267,2.457410024500798,0,Defensive Specialists
3.6616312443756684,-2.768455681373571,3,Efficient Finishers
-2.2352305639639196,1.422821193606575,0,Defensive Specialists
0.17629355385530526,-0.7852384578435992,2,Underperforming Attackers
-1.9122849066792,2.5020198153811175,0,Defensive Specialists
-4.119102034196088,-3.845459726825016,4,Low-Impact / Low-Minute Players
-1.7177184689009628,4.1701774360818415,0,Defensive Specialists
3.3953169849473936,-2.3607198790052943,3,Efficient Finishers
0.1062357099857949,0.0861273834823925,2,Underperforming Attackers
-3.9010408626563735,-1.7477633463432305,4,Low-Impact / Low-Minute Players
2.195873388566414,1.1356092327195222,1,Creative Playmakers
-2.670981067927832,1.7010264699425295,0,Defensive Specialists
5.349375407655828,-1.8073172560644646,3,Efficient Finishers
8.292797541382155,-0.6899866032223543,3,Efficient Finishers
1.219919904987994,0.42518476976482605,2,Underperforming Attackers
-3.060678913124407,0.6145260652324296,0,Defensive Specialists
-1.7223968602952728,2.1699829745952632,0,Defensive Specialists
-4.334682713858351,-4.374893720093986,4,Low-Impact / Low-Minute Players
1.9540297800739617,0.21510656841106773,2,Underperforming Attackers
0.419022237414923,-1.5366993658258048,2,Underperforming Attackers
-1.982644402940376,2.072605473241974,0,Defensive Specialists
-3.5911911758526696,-0.005328964265512022,0,Defensive Specialists
-0.4922178943686985,0.1271007610518179,2,Underperforming Attackers
-1.7919614013297076,1.307825427363285,0,Defensive Specialists
-0.586210429358104,-2.081344325969948,2,Underperforming Attackers
0.07692017829799379,1.3639462253556682,2,Underperforming Attackers
1.304189082664963,-1.793708487601536,2,Underperforming Attackers
-3.239100224145227,1.1510745451273494,0,Defensive Specialists
4.532562591466912,1.8207350100247388,1,Creative Playmakers
2.9959979211710404,1.6493098644307542,1,Creative Playmakers
-2.4690901402123293,-0.004308460882322953,0,Defensive Specialists
-2.2624916449371533,2.1681452616546557,0,Defensive Specialists
0.5849925363577462,1.2729914243963616,2,Underperforming Attackers
-2.35475235891744,1.630869379136516,0,Defensive Specialists
0.1627348094946792,-0.0554286985190234,2,Underperforming Attackers
1.8458662887537256,-1.325300237066138,2,Underperforming Attackers
-3.3554213878494745,-0.5524694490243595,0,Defensive Specialists
1.3576790256222717,-2.488246562447347,2,Underperforming Attackers
5.727681822034307,3.4443157887267284,1,Creative Playmakers
-4.279194451465124,-3.509355751804116,4,Low-Impact / Low-Minute Players
3.745333590425004,-2.1376585625699693,3,Efficient Finishers
0.2905176121433892,-0.6648970069856285,2,Underperforming Attackers
-2.060504575230668,1.7585336171828674,0,Defensive Specialists
6.001460161774878,-1.9434504831851038,3,Efficient Finishers
2.182444804756977,-0.036425150774548935,1,Creative Playmakers
-3.3690246006503024,0.2146401741229779,0,Defensive Specialists
-2.0633627846969023,5.242562528437729,0,Defensive Specialists
0.3873107521140556,-0.36863664679577196,2,Underperforming Attackers
-4.2033802105676195,-3.399208521067926,4,Low-Impact / Low-Minute Players
-0.10851451753668037,-2.4761813376672284,2,Underperforming Attackers
-1.6887235568867753,1.6157694748106766,0,Defensive Specialists
1.306883630862041,-1.3750474380980169,2,Underperforming Attackers
-4.0690727611675195,-3.8528619751567197,4,Low-Impact / Low-Minute Players
3.8550112023760827,-1.4477662511238811,3,Efficient Finishers
-2.89464019982781,1.1100188884376248,0,Defensive Specialists
